srr,id,chr,start,stop,num_crossings,unique_crossings,num_reads,gene_name,sequence
SRR5090597,1,chr1,150576896,150577494,3,1Md_2Mr|1Md_1Mr|2Md_1Mr,386,MCL1,GCTTCCCTTGTACAGTACTGAGGCTTACAGTCATAGTTCTATTACTTGTAACTTTTACACAGGTCACTGGCATTCTTAGTGCTTCTCTTAACACTACAGTAAATTAATGAATTCGGCGGGTAATCAATTCTATGACTTGCCTGGCTACTGGCCACTTTCCTGTTCTCAACAAGGAAATTAAGTCTTTCCACCCTACCATCTTCACTAAATCTAAAAGTCCTCCTCCATAGCTTCCCAAACAAAGTTTGTTTGTTGCTGAAACTGAACTTTGCTTCTTTCAGACAGTGACTCTTCAATCAATGGGGAGCACTCTTCCCATGTATTTATTCTTGTTAGCCATAATCCTCTTGCCACTTGCTTTTCTGGCTAGGTTGCTAGGGTGCAACTCTAGGAAGTTACAGCTTGGAGTCCAACTGCATAAACTGGTTTTGGTGGTGGTGGTGGTTGGTTAAAAGTCAACTATTGCACTTACAGTAAGGCTATCTTATTAGATATGCCAAACCAGCTCCTACTCCAGCAACACCTGCAAAAGCCAGCAGCACATTCCTGATGCCACCTTCTAGGTCCTCTACATGGAAGAACTCCACAAACCCATCCTA
SRR5090597,2,chr1,150578243,150578495,3,1Md_2Mr|1Md_1Mr|2Md_1Mr,528,MCL1,CCCAGCCTCTTTGTTTAACTAGCCAGTCCCGTTTTGTCCTTACGAGAACGTCTGTGATACTTTCTGCTAATGGTTCGATGCAGCTTTCTTGGTTTATGGTCTTCAAGTGTTTAGCCACAAAGGCACCAAAAGAAATGAGAGTCACAATCCTGCCCCAGTTTGTTACGCCGTCGCTGAAAACATGGATCATCACTCGAGACAACGATTTCACATCGTCTTCGTTTTTGATGTCCAGTTTCCGAAGCATGCCTGA
SRR5090597,3,chr8,127828232,127828354,3,1Md_2Mr|1Md_1Mr|2Md_1Mr,6,PVT1,GCTTCTTACTGAGTGTCTAGTTCCTTGTTGTACAGGTGAGGGAAACTGAGGCCCAGAGTGGATGTGACGTTTCCGAAGGAGAGGCTCTGTAAAGTTCTGAGTAGGTGAGACTTATTATTAGCT
SRR5090597,4,chr1,150576721,150576860,1,1Md_1Mr,6,MCL1,AGGATATCCATATTCATAACTAATTACTGAGCCTTCCGTCAAGTATTATTGGTGATAAACTAGGCTAATAAAGTAAGAATCATGGAAACCAAGCCAAAGTATAACAGGTATAAAAGTCCTGAACACTTGGACTTTCTAAG
SRR5090599,1,chr1,206939232,206939466,2,1Md_2Mr|1Md_1Mr,22,PIGR,GTGCCGTTCTCCGGGAAGTTGGTGAGGTTAGCCCTGCCTGCATATTTGCTGGAGACGTAGCCCTCCGAGGAGATGAGGGTTATGCAGCCACCTCTAGCTCCCTGCCGGCACCAGTACTTCCGGGTGTGCCGGTTGACAGAGGTGGGTGGGTAGTAGCACGTGATGGACACTGAGTTACCTTCCACACTATTCACCTCCTCGGGACCAAATATGGGACTCTTCGTGGAGATGGCTG
SRR5090599,2,chr1,206940489,206940589,3,1Md_2Mr|1Md_1Mr|2Md_1Mr,36,PIGR,CTGGGAAGACCGCCAGCAGGCAGGTGAGCACGAAGAGCAGCATTGCTGGTGGGTCCCGAGCGCCGCACCACTCAGGCCGACTTCTCCTGTGCAATGCTGAA
SRR5090599,3,chr1,206949933,206950244,3,1Md_2Mr|1Md_1Mr|2Md_1Mr,54,"",GGCCACCCTCCAGGCTCTAGACGATAATCCGTTGCTTGCCTCTTCTAGCTTCTGGTTGCTGCTGACATTCTTTGGTGTTCTTTGGCACGTAGCTGTGTCACTCCAACCTCTGCCTTCATAGTCACATTGGCTTCTGTGTATGTCTCAAATAACTCTCTGTTTCTCTGTTATATGGATGGTATTTAGGGCCCACCCAGCTAATCCAAGATGATGTCCTCATCTCAAGATCCTGAACTTCATCACATCTACAAAGACTCTTTTCCAAATAAGGTCACACTTCTGGGCTCCAGAGATTGAGACATAGACAAACCT
SRR5090601,1,chr4,138677977,138678231,1,1Md_2Mr,7,"",GGTGTTAGCAATGAGGCTATATGCACTTGCTTGTACAACAGCAGATTGGCTGCTGTTTCTGTCACTCTGAGAGACCAACATTAAGGCTCAAATTAACTAGCAAGTGTAAACCACAGGAACCAAGAGAATGATTTCACAGACTTATTTTTTTCTCCTCTCTATTTGTATAATTTTAGCAACTAGGGCATGAAGTGTGCAGGGCCCAGTGTCAGTGTGGTGGAAGCAGCAGGGGAATGATGAGTTGATGAGCTTGGG
SRR5090601,2,chr4,138678739,138678935,1,1Md_2Mr,13,"",GCAGATGCTAATGAGGAGTGACATCACCAAGATGCAGTAGCAGAGGGGCATGGTGAGAAACAAGAGGGCTTGGTGGGATATAATGGAAAAACTACGTTAATACCAGGGGACTAAATGTGCAAGGCAGCCCTGCTGTGTGGCAGTGCGACGGTCAAGCCCCACCAGAAACAAACAAACAAAAATCACCTCTCTGTTGG
SRR5090601,3,chr4,138685416,138685761,1,1Md_2Mr,122,"",AGATTAACTGTATCTTGAGAGTTGGCCAGGAGTAAGAAGAGTGTTTGGAAGGAAGAGAAGGTGGAAAATGAAGAGGCGGCAAGAGACTCAGGCAATCAGACAAACAAATCATCCATCTTCCCGGCTGAGGTCAGGAATATTCGAAAAGCCCTGTGTCCTGCACAGCAGCCCCACGCAGGTTTAGTGCAGCAGATGCTCTCTGGCTGAGTTAGAGAAACAGACAAAACCCTCATTTCTCTCTGAGCACTAAGTACAGAAGATGAGGCTGCGTCAGTCTCATTAGGAATAATAGACAGAAATTGCTTACAATCATCTCTAATGGGTTGCCAGTTTTCTGACAATGGGC
SRR5090601,4,chr4,138686166,138686330,1,1Md_2Mr,6,"",AGTCCTCTGACTGTAGCATGCAGGGTGCAGCCCTGTCTGCCTCTACTGGGGAAGTGACAAGCCTGGCAGGATTCCCGGGGCGCAAACTCATGGAGCCTGGAAGGCACAGGGAGGACGGAGCCAGCGGAGAAGGAGGGTGCCATCCAGATGTCCCCTAAAGCAAAC
SRR5090603,1,chr20,33707709,33707974,2,1Md_2Mr|1Md_1Mr,29,PXMP4,ATTGGAGGGACGGCTCTTGTTATAGACGAGGAAGTCTGAGATGTCGTGCCATACATTGCTGTCCTCATAGAGGTAGGTCATGGAGGACTGCAGCGAGGGCTGCAGGGTGGATCGGTGATACTCAAAGAGCCACAGCACCAGCCCCCACACCACCGCAGTGAGCAGCGGGAACGGGTCCCACCTGGGTTCAGGGATGTAGCCCTTCTCTACAGCCAGGCGGCTCAGGGCAAACAGGACGCGTGACAACAGGTACATGTTGATCTGCA
SRR5090603,2,chr20,33710553,33710757,2,1Md_2Mr|1Md_1Mr,51,PXMP4,ACCTGGCTGTTGATGTTATTGTTTTCTCCAAACACCAGGATACCCCCGAGGAAGGCCGCCAGGAATGCGTGTGCTGGGTAGGTCTTGCCTTGTATGTAGGACTGCAGGGCACGGAGACCCTTGTAGGTGAACACAAACCGTGCCAGGTTCCAGGAGTGGATATATGTGGCCTGCAGTATGGCCCACAGCTTCTCCTGGAGGCTGC
SRR5090603,3,chr20,33714672,33714742,3,1Md_2Mr|1Md_1Mr|2Md_1Mr,116,PXMP4,ACCTGCCATTCCGGAAGAGAAAGGTCATGACCAGCGCGTGAGGGGCCCGGATTTTGGCTCCATAGCTGTAG
SRR5090603,4,chr20,33728689,33729163,3,1Md_2Mr|1Md_1Mr|2Md_1Mr,205,"",GTCACTTTTGTCTCCACAGAGACAACTTGTCAGGAACAGTGGCTAGCAGGGTTCCCCAAGGGGAGAGGAACTTTGAAAAAACAATTTTAAAAAATTGTAGTTCACAGGTCTCAAACTCCTGGGCTCATGCAGTCCTCCTGCCTTGGCCTCTCAAAGTGCTAGGCTTAGAGCAGTGCGCCACCATGCCCAGCTGCAAACAAATAATTTTTAATTGTAGGAGTTATATAGTGAATACAAGAAAATGAAAATTATGATATTTGTTATTTATTTAGCTGAGGCTAAAATAGGTATTTTAGTAAAACCAATGAGAACATTTAGAGTCCAATCCATGGTTGTCCCGTTGTATGACGATGTGGCCATGATCATGGGAGAGATTCATGATTGATGGTGACAAAGATTCTTTGCTTGCTGTAACTGCTTGGTCAGACTTTGGAATCTTCTGCTAGGCCCACCTGTGCACTTCTTTGTAAAATCT
SRR5090603,5,chr20,33738723,33738907,3,1Md_2Mr|1Md_1Mr|2Md_1Mr,20,ZNF341,CATTGAAGGGAGGAGAGATGGAAACATGAATTTGCAGGAGGGCACTCTGGAGAGACTGATCGTGTGTAGCTGTGGATGGTTCCCAGGCACAGTGTGGTGAGAGTTGGTGGAGAGTGGCTTCTGAGGAGCAGGAGGAGATGGAGGGGAGGGCTGCGCTGGCAGCGTCAGGAGGGACACAGCCTGCA
SRR5090603,6,chr20,33739972,33740250,3,1Md_2Mr|1Md_1Mr|2Md_1Mr,15,ZNF341,CTCCTGCCTCAGTCTCCCAAGTAGTTGGGATTACAGGCACACACCACCACGCCCAGCTAATTTTGTATTTTTAGTAGAGACAGGGTCTCACCATGTTGGCCAGGATGGTCTCGAACTCCTGACCTCAGGTGCTCTGCCCGCCTTGGCCACCCAGAGTGTTGGGATTACAGGCGTGAGCCACTGCGCCTGGCTCCATCCAGCTTTTTATCCTACGATCCTAAGGTTGTCCTTATGATCCAGGATGGTGGATTGAGTTGCTACCACCATATTCTTATTCTG
SRR5090603,7,chr20,33740980,33741089,2,1Md_2Mr|1Md_1Mr,8,ZNF341,GTGTCAATGCGCCCCCTGCTATCCAGCCATTGGGTGAGTATCTGCTCAGGTTCACCGGTGGGAGAGTGAATGGCTCCCCGCGAAGAGTAGGTGGAGCTTGTGCTGGGCTG
SRR5090603,8,chr20,33744849,33745056,3,1Md_2Mr|1Md_1Mr|2Md_1Mr,15,ZNF341,CGCAAAGTGCTGGGATTACAGGCATGAGCCACTGTGCCTGGCCACCTGTGTGGCTTCGAAAACTCCCAGGAAGCACATAGTTGATGGCTGACACCTGCATGTCAAGTCGCAGCATGCCCCCCAGATTGCTGCTTGTGGTCAGCTGCAGTTCTCCTGTCTCATACTGTGATGCCCCTTGACATAGTCTTGCTTTTTTTTCATTACTTTA
SRR5090603,9,chr20,33680324,33680419,2,1Md_1Mr|2Md_1Mr,7,E2F1,ACCTTTTCCTGGATGGCGGCCTCTGCCCCGAGCTGGCCCACTGCTCTCGGCCAGGTACTGATGGTCAGTTTCCAGGTCCAGCCTCCGCTTCACCTG
SRR5090605,1,chr1,9731761,9731898,1,1Md_2Mr,6,CLSTN1,CTGCGAACGGGTGGGGGTTGGCCAGGTTGTGGCCTGACAGGTCAACAAAGGAGCGGTGTTCCGGGTGCACGAACTGTGGCTGGGCAGCCATGTGGTTGGCGTGTTCCATGGGGTTGGCCGTGTGGATTACATTCACCT
SRR5090605,2,chr13,73145553,73145939,1,1Md_2Mr,54,"",CAGGATCATATTTTCTTCTGTATTCGTCACTACCCACTGAGGAATTCAAGCTGGAAATCTGGGCATCATCCTCACCCTCTGTCTCTATTTCCCACCATCCCTTTCAATTAATAATTATGGTCAATCAATTCTGCTTCCTAAACATTCTATGGGTCTATTCACTTCTCTTCATCCTCATTGCTACTTCCCTATTCTGGATACCATCTTGGGCGTGGATTACTGTAATACTCCTACAATCAGATTTTAGAAGTCTGGGGATGCTTAATAGCTAAATTCCTTTCATGGGGAAAAATACAGTAGGAAGAAGTCAAGTGAAGAGATTTGAGAAATATTTAGGAGGTAGAATTGAATGAACTTAGTGCCACATTGGACTTTGTGATGAGAATA
SRR5090605,3,chr13,73146118,73146353,1,1Md_2Mr,22,"",CAGCAGACCTGCACTGCAAGTTCTGGGAGGACAGGGACTAACCATCCATCTATCATGTTCATGGTTGTATTCCCTTTCCTTGCACACGGCTTGGTGTATGATAAGTGCTGACTATATGATGATCGACTGGATGAATGCATTCTTGTAGTTTAACATCACAGATGGTGATGTATTTAAAGAAAGGTATCTTTTTGGAAAAAGGTTTGGTGGGGGCAGTTTAAGATTGGTCAAGAAAG
SRR5090605,4,chr9,5499915,5500174,3,1Md_2Mr|1Md_1Mr|2Md_1Mr,182,"",GGGAAGTTCAACAACAAATGCAGACTTTATATCCAGCATAAAACCTACAGAAGTCAGAGACCAGTCTAATGCCAGTACCTGCTGCTGCTTATAGGCTGGGGCAATTTATAGGTATGGGCAGGAGGGGTCTGGGCAGTATGGCTTGCTGCCTGGCAGGAAATTGATAAGATGGTCCCATGATGAGGCAGTTCTGGTCCTTGTTCAGGCAGGATGTCATCATGGTGTTCCTTGGACCTTTGCCCAGAAGGTCTTTGCCTTCT
SRR5090605,5,chrX,89010655,89010928,1,1Md_2Mr,18,"",ATTCCTTCACTGTTTTCCTTGGGTCATCTTTTAGCCCACAACAAATAATTTCTTCTGGGCTTGTAGAGACCCTTTATCTCTTCTCCCTCTAATCATCCTGTCTGCCATTCAGTTCTCCCACCCATGATTCTTGTTCTTTTATCCCACTTCTATCGCTGTCCAAAAGAGTTTCCATAAGAAGAGCACCTACAAGAAAAAAAAACCTTCATAGTATTGATGTGTTTTTATTGAGGAGCTTTGATTTATTGTTATGATTAAAGAACCCTTCTCTTCC
SRR5090605,6,chr1,207611841,207612085,1,1Md_1Mr,5,CR1,CCTAGATGTACAGGTGCCTTGACTCTCTGGCTTCCAGATTGCTCTGTTTTCCCCTTCACATGGAGGACTTACTCCTGTTGTTTTATTTTTTCTTCTAGTGAAATCCTGTGATGACTTCCTGGGCCAACTCCCTCATGGCCGTGTGCTACTTCCACTTAATCTCCAGCTTGGGGCAAAGGTGTCCTTTGTTTGCGATGAAGGGTGAGTGTGACCCAGCGTTGAGACCAAGGACTCAGTGTGGAGAA
SRR5090607,<NA>,<NA>,0,0,0,<NA>,0,<NA>,<NA>
SRR5090609,<NA>,<NA>,0,0,0,<NA>,0,<NA>,<NA>
SRR5090611,<NA>,<NA>,0,0,0,<NA>,0,<NA>,<NA>
SRR5090613,1,chr11,102768316,102768622,1,1Md_2Mr,176,WTAPP1,GCAGTGAAGGCTGGCGTTCAACGTGGTGCCCGTTCCATCAGCCCGGGTCTTGAAGTGAGGACAACTTGGAGTAGAGACCCCAGTGGAGTACTACGATGCACTTTTAGTTCTAAGCCACTGAAAATCGGGAAGTGCTCATTACCACAGCATATCCTGGCCTGGTCTGAGTGATACTGCATTTTACAAGGTTCAGTCCTGAACCATCTTCTTTTATCTCTGCAATCTTCCCATATAAACTTACCTATTCCCATGGCTTGACTGATGCCGCCAAACACCCACAGTTTTATCTACTTTGTTTTGAGCTCCA
SRR5090615,<NA>,<NA>,0,0,0,<NA>,0,<NA>,<NA>
SRR5090617,<NA>,<NA>,0,0,0,<NA>,0,<NA>,<NA>
SRR5090619,<NA>,<NA>,0,0,0,<NA>,0,<NA>,<NA>
